{"cameraMode":{"drawMode":0,"name":"Shaded","section":"Shading Mode"},"sceneLighting":false,"audioPlay":false,"sceneViewState":{"showFog":true,"showMaterialUpdate":false,"showSkybox":true,"showFlares":true,"showImageEffects":true,"showParticleSystems":true},"in2DMode":false,"pivot":{"x":1.8151265382766724,"y":-1.3458143472671509,"z":102.67853546142578},"rotation":{"x":0.16895857453346253,"y":-0.020700864493846895,"z":0.0035507059656083585,"w":0.9854080677032471},"size":18.444002151489259,"orthographic":false}