{"cameraMode":{"drawMode":0,"name":"Shaded","section":"Shading Mode"},"sceneLighting":false,"audioPlay":false,"sceneViewState":{"showFog":true,"showMaterialUpdate":false,"showSkybox":false,"showFlares":true,"showImageEffects":true,"showParticleSystems":true},"in2DMode":false,"pivot":{"x":8.129840850830079,"y":4.3101115226745609,"z":6.415619373321533},"rotation":{"x":-0.09076648205518723,"y":-0.903191864490509,"z":0.34648507833480837,"w":-0.23660485446453095},"size":1.681388258934021,"orthographic":false}