{"cameraMode":{"drawMode":0,"name":"Shaded","section":"Shading Mode"},"sceneLighting":false,"audioPlay":false,"sceneViewState":{"showFog":true,"showMaterialUpdate":false,"showSkybox":true,"showFlares":true,"showImageEffects":true,"showParticleSystems":true},"in2DMode":false,"pivot":{"x":-24.421737670898439,"y":-3.940861225128174,"z":114.45030212402344},"rotation":{"x":-0.04736221581697464,"y":-0.9466181397438049,"z":0.1637784242630005,"w":-0.2739564776420593},"size":1.6813876628875733,"orthographic":false}