{"cameraMode":{"drawMode":0,"name":"Shaded","section":"Shading Mode"},"sceneLighting":false,"audioPlay":false,"sceneViewState":{"showFog":true,"showMaterialUpdate":false,"showSkybox":true,"showFlares":true,"showImageEffects":true,"showParticleSystems":true},"in2DMode":false,"pivot":{"x":-167.70950317382813,"y":76.14384460449219,"z":-7.112800598144531},"rotation":{"x":-0.0000769331818446517,"y":0.9987027049064636,"z":-0.05097777768969536,"w":-0.0014984788140282035},"size":203.7906951904297,"orthographic":false}