{"cameraMode":{"drawMode":0,"name":"Shaded","section":"Shading Mode"},"sceneLighting":true,"audioPlay":false,"sceneViewState":{"showFog":true,"showMaterialUpdate":false,"showSkybox":true,"showFlares":true,"showImageEffects":true,"showParticleSystems":true},"in2DMode":false,"pivot":{"x":-8.684274673461914,"y":4.745471000671387,"z":121.54370880126953},"rotation":{"x":-0.022497709840536119,"y":0.008100809529423714,"z":0.00018424099835101515,"w":0.999724268913269},"size":11.310569763183594,"orthographic":false}