{"cameraMode":{"drawMode":0,"name":"Shaded","section":"Shading Mode"},"sceneLighting":false,"audioPlay":false,"sceneViewState":{"showFog":true,"showMaterialUpdate":false,"showSkybox":false,"showFlares":true,"showImageEffects":true,"showParticleSystems":true},"in2DMode":false,"pivot":{"x":-9.17665958404541,"y":1.432957649230957,"z":0.05704125761985779},"rotation":{"x":-0.0000769331818446517,"y":0.9987027049064636,"z":-0.05097777768969536,"w":-0.0014984788140282035},"size":1.681388258934021,"orthographic":false}